{
    "item1":{
        "category":"Shirt",
        "name":"Cotton T-shirt",
        "quantity":2,
        "imgUrl":"https://cdn.pixabay.com/photo/2017/01/13/04/56/t-shirt-1976334_1280.png",
        "price":"44.00"
    },
    "item2":{
        "category":"Shirt",
        "name":"Cotton T-shirt",
        "quantity":10,
        "imgUrl":"https://mdbcdn.b-cdn.net/img/Photos/new-templates/bootstrap-shopping-carts/img5.webp",
        "price":"44.00"
    },
    "item3":{
        "category":"Shirt",
        "name":"Cotton T-shirt",
        "quantity":13,
        "imgUrl":"https://mdbcdn.b-cdn.net/img/Photos/new-templates/bootstrap-shopping-carts/img6.webp",
        "price":"44.00"
    }
}